{
  "last_global_oldest_ts": 1762368293.868979,
  "per_channel_last_ts": {
    "C094AMRB41E": 1762368293.868979,
    "C0895PZSC2W": 1762340346.528179,
    "D08PJ2M0K4P": 1762362759.321849,
    "D08QRHRTXE2": 1762363102.030419
  }
}